Timestamp,IdJugador,Pregunta,Alternativas,RespuestaJugador,FueCorrecta,TiempoDeRespuesta
2026-06-02T20:37:41,6666666666666,"Identificar al espía por comportamiento","CIVIL, GUARDIA, STAFF","CIVIL",Si,5.203019
2026-06-02T22:33:44,Desconocido,"Identificar al espía por comportamiento","CIVIL, SEGURIDAD, GUARDIA","CIVIL",No,78.98339
2026-06-02T22:34:15,Desconocido,"Identificar al espía por comportamiento","CIVIL, STAFF, SEGURIDAD","CIVIL",Si,2.5501888
2026-06-02T22:49:50,Desconocido,"Identificar al espía por comportamiento","CIVIL, STAFF, SEGURIDAD","CIVIL",Si,9.05009
2026-06-02T22:49:54,Desconocido,"Identificar al espía por comportamiento","CIVIL, STAFF, SEGURIDAD, GUARDIA, CLIENTEVIP","CLIENTEVIP",Si,2.716522
2026-06-02T22:50:00,Desconocido,"Identificar al espía por comportamiento","FIESTEROVIP, STAFF, SEGURIDAD, GUARDIA, INVITADO","FIESTEROVIP",No,4.665018
2026-06-02T22:50:04,Desconocido,"Identificar al espía por comportamiento","FIESTEROVIP, STAFF, SEGURIDAD, GUARDIA, INVITADO","INVITADO",Si,4.083497
2026-06-02T22:58:56,Desconocido,"Identificar al espía por comportamiento","LECTORGACETA, LECTORCOMUN","LECTORGACETA",Si,13.383452
2026-06-02T23:10:12,Desconocido,"Identificar al espía por comportamiento","LECTORGACETA, LECTORCOMUN, GUARDIA","GUARDIA",Si,17.600052
2026-06-02T23:32:36,3333333333,aaaaaaaaaaaaaaaaaaa,"Identificar al espía por comportamiento","CIVIL, STAFF, SEGURIDAD","STAFF",No,2.170999
2026-06-02T23:32:41,3333333333,aaaaaaaaaaaaaaaaaaa,"Identificar al espía por comportamiento","CIVIL, STAFF, SEGURIDAD","CIVIL",No,4.649992
2026-06-02T23:32:43,3333333333,aaaaaaaaaaaaaaaaaaa,"Identificar al espía por comportamiento","CIVIL, STAFF, SEGURIDAD","CIVIL",No,2.133789
2026-06-02T23:32:49,3333333333,aaaaaaaaaaaaaaaaaaa,"Identificar al espía por comportamiento","CIVIL, STAFF, SEGURIDAD","CIVIL",Si,5.66574
2026-06-02T23:37:49,Desconocido,SinCorreo,"Identificar al espía por comportamiento","CIVIL, STAFF, SEGURIDAD","STAFF",No,2.9168856
2026-06-02T23:37:51,Desconocido,SinCorreo,"Identificar al espía por comportamiento","CIVIL, STAFF, SEGURIDAD","CIVIL",No,2.082983
2026-06-02T23:37:53,Desconocido,SinCorreo,"Identificar al espía por comportamiento","CIVIL, STAFF, SEGURIDAD","CIVIL",No,2.099511
2026-06-02T23:37:56,Desconocido,SinCorreo,"Identificar al espía por comportamiento","CIVIL, STAFF, SEGURIDAD","SEGURIDAD",No,2.700523
